Name,E-mail,Telephone
Happiness,happiness@helpinghands.cm,680248936
Aime,aime@helpinghands.cm,680248921
Hervee,hervee@helpinghands.cm,680248922
Elma,elma@helpinghands.cm,680248923
Mengo,mengo@helpinghands.cm,680248924
Eric,eric@helpinghands.cm,680248925
Collins,collins@helpinghands.cm,680248926
Einstein,einstein@helpinghands.cm,680248927
Agnes,agnes@helpinghands.cm,680248928
Confidence,confidence@helpinghands.cm,680248929
Constance,constance@helpinghands.cm,680248930
Maurice,maurice@helpinghands.cm,680248931
Otance,otance@helpinghands.cm,680248932
Roland,roland@helpinghands.cm,680248933
Andre,andre@helpinghands.cm,680248934
Rebecca,rebecca@helpinghands.cm,680248935
Grace,grace@helpinghands.cm,680248937
Ita,ita@helpinghands.cm,680248938
Nancy,nancy@helpinghands.cm,680248939
Linda,linda@helpinghands.cm,680248945
Paul,paul@helpinghands.cm,680248955
Aisha,aisha@helpinghands.cm,680248968
Alain,alain@helpinghands.cm,680248976
Bryan,bryan@helpinghands.cm,680248999
Bama,bama@helpinghands.cm,680248996
Belinda,belinda@helpinghands.cm,680248906
Blaise,blaise@helpinghands.cm,680245898
Chelsea,chelsea@helpinghands.cm,680248900
Favour,favour@helpinghands.cm,680248950
