Name,E-mail,Telephone
Happiness,happiness@handsinhands.org,680248936
Aime,aime@handsinhands.org,680248921
Hervee,hervee@handsinhands.org,680248922
Elma,elma@handsinhands.org,680248923
Mengo,mengo@handsinhands.org,680248924
Eric,eric@handsinhands.org,680248925
Collins,collins@handsinhands.org,680248926
Einstein,einstein@handsinhands.org,680248927
Agnes,agnes@handsinhands.org,680248928
Confidence,confidence@handsinhands.org,680248929
Constance,constance@handsinhands.org,680248930
Maurice,maurice@handsinhands.org,680248931
Otance,otance@handsinhands.org,680248932
Roland,roland@handsinhands.org,680248933
Andre,andre@handsinhands.org,680248934
Rebecca,rebecca@handsinhands.org,680248935
Grace,grace@handsinhands.org,680248937
Ita,ita@handsinhands.org,680248938
Nancy,nancy@handsinhands.org,680248939
Linda,linda@handsinhands.org,680248945
Paul,paul@handsinhands.org,680248955
Aisha,aisha@handsinhands.org,680248968
Alain,alain@handsinhands.org,680248976
Bryan,bryan@handsinhands.org,680248999
Bama,bama@handsinhands.org,680248996
Belinda,belinda@handsinhands.org,680248906
Blaise,blaise@handsinhands.org,680245898
Chelsea,chelsea@handsinhands.org,680248900
Favour,favour@handsinhands.org,680248950
